text,true_label,predicted_label,prob_F,prob_PE,prob_LF,prob_US,prob_A,prob_SE,prob_FT,prob_SC,prob_PO,prob_O,prob_MN,prob_L
product shall audit capabilitiesthe product shall store messages minimum one year audit transaction tracking purposes,SE,O,0.011568914167582989,0.05641297996044159,0.05712352693080902,0.03054041601717472,0.1115121841430664,0.09290457516908646,0.09375238418579102,0.08309701085090637,0.027098868042230606,0.26230522990226746,0.12533552944660187,0.048348382115364075
recycled parts search results provided estimator shall retrieved system,F,F,0.9701874256134033,0.001371402875520289,0.0047125727869570255,0.0053871264681220055,0.0010798386065289378,0.003885815618559718,0.0028216338250786066,0.0012346935691311955,0.0009253968601115048,0.004190825391560793,0.0023056510835886,0.0018977049039676785
users able access streaming movies 2 clicks logging website,US,SE,0.03323397785425186,0.05544263869524002,0.025803379714488983,0.308462530374527,0.015658728778362274,0.4675562381744385,0.023112574592232704,0.009111514315009117,0.014623870141804218,0.016745485365390778,0.016338925808668137,0.013910211622714996
product shall available 24 hours per day seven days per week,A,A,0.00948137417435646,0.06009285897016525,0.02167169749736786,0.023427553474903107,0.4820755422115326,0.010854646563529968,0.03175520896911621,0.11848306655883789,0.04830344766378403,0.09152098745107651,0.0688813179731369,0.033452216535806656
system shall help user avoid making mistakes scheduling classes clinicals nursing students,US,F,0.5527684688568115,0.011589192785322666,0.04483472928404808,0.3009558916091919,0.0054976968094706535,0.0197250135242939,0.021723676472902298,0.004786419682204723,0.00584612088277936,0.008127657696604729,0.01491008885204792,0.00923498347401619
system shall display detailed invoice current order confirmed,F,F,0.9817091226577759,0.00067566626239568,0.0027427987661212683,0.0019778551068156958,0.000809122109785676,0.0032673648092895746,0.0015567446826025844,0.0009701389935798943,0.0008137415861710906,0.0022508488036692142,0.001319674658589065,0.00190687773283571
system use secured database,SE,SE,0.009582923725247383,0.00601800624281168,0.0038715002592653036,0.0017145592719316483,0.0044149793684482574,0.9203932881355286,0.0078065358102321625,0.0042312415316700935,0.006223939824849367,0.022542573511600494,0.003350747050717473,0.009849637746810913
leads washing functionality store potential lead duplicates returned enterprise system,F,F,0.9731378555297852,0.000695396214723587,0.00434633856639266,0.0022613704204559326,0.000997426686808467,0.004464651923626661,0.0021244927775114775,0.0013167030410841107,0.001092036021873355,0.004659642465412617,0.0025879754684865475,0.0023161203134804964
system shall interface faculty central server,O,O,0.016713198274374008,0.006565063260495663,0.015260234475135803,0.0028130384162068367,0.014251720160245895,0.02847418189048767,0.012349178083240986,0.025864148512482643,0.028257247060537338,0.8177977800369263,0.02182101458311081,0.009833152405917645
product shall internet browser independentthe product must run using internet explorer netscape navigator,MN,O,0.005653867963701487,0.010795485228300095,0.024593571200966835,0.010903260670602322,0.0361931249499321,0.018884945660829544,0.01527947373688221,0.03622422739863396,0.1397438496351242,0.6531565189361572,0.030475318431854248,0.01809634454548359
staff members shall able complete set tasks timely manner,PE,US,0.0517234280705452,0.04633450135588646,0.03251733258366585,0.7464019656181335,0.01569470204412937,0.009755199775099754,0.029033103957772255,0.017102651298046112,0.006858353037387133,0.011535273864865303,0.025899261236190796,0.0071441964246332645
system may throttled slowed heavy loads ensure service everybody throttling meant certain functionality may unavailable heavy server load,PE,O,0.00653933035209775,0.2010107934474945,0.018843548372387886,0.014327066019177437,0.09035036712884903,0.0891493409872055,0.06871147453784943,0.07901168614625931,0.02133549004793167,0.3362286686897278,0.04894205927848816,0.025550177320837975
system allow customers pay streaming movie prepaid card,F,F,0.8717571496963501,0.0023335658479481936,0.005135495215654373,0.0051323301158845425,0.002941275481134653,0.06431042402982712,0.005743457470089197,0.003965666051954031,0.003524643136188388,0.025677023455500603,0.004233465995639563,0.00524555891752243
calculations performed system must comply according norms set user vary unless explicitly changed user,L,SE,0.1839018613100052,0.015602425672113895,0.03499893844127655,0.01270943321287632,0.013612163253128529,0.4629197120666504,0.02713644690811634,0.010778536088764668,0.01787678524851799,0.03129099681973457,0.022661665454506874,0.16651101410388947
hit results sinking ship product shall mark ship sunk offensive grid offensive player,F,F,0.9772400259971619,0.0006157479365356266,0.004116937983781099,0.0017070076428353786,0.0008352576987817883,0.004169990308582783,0.0016667525051161647,0.001110489247366786,0.0009541329927742481,0.0036212941631674767,0.0016501662321388721,0.00231216405518353
product allow priviledged users view meeting schedules multiple reporting views,F,F,0.8223177194595337,0.004593705292791128,0.023982105776667595,0.041647862643003464,0.0032729210797697306,0.06996496021747589,0.008884076960384846,0.0028304802253842354,0.003972295206040144,0.007853403687477112,0.004880725406110287,0.005799731705337763
system shall professional appearance,LF,F,0.4158852994441986,0.00723906047642231,0.40066009759902954,0.044770944863557816,0.013396181166172028,0.017971428111195564,0.015200319699943066,0.009553482756018639,0.015099386684596539,0.021324533969163895,0.013733583502471447,0.025165632367134094
product shall allow user save property search results,F,F,0.44431307911872864,0.034110479056835175,0.0821802020072937,0.3456273674964905,0.006429538130760193,0.012299641035497189,0.03033420629799366,0.005949717480689287,0.006069541908800602,0.012919498607516289,0.011058606207370758,0.008708124980330467
product shall continue operate upgrade change new resource additionthe product shall able continue operate interruption service due new resource additions,MN,SC,0.00940710585564375,0.15566658973693848,0.029123514890670776,0.0301824901252985,0.15581803023815155,0.01624622941017151,0.11999795585870743,0.16099536418914795,0.04201176017522812,0.12904340028762817,0.12160294502973557,0.0299046840518713
purchase product valid credit card,F,F,0.5913752913475037,0.007460068911314011,0.009440340101718903,0.01466450747102499,0.004821911919862032,0.3106839060783386,0.009828681126236916,0.006067648530006409,0.005042098928242922,0.02287151850759983,0.005254215095192194,0.012489806860685349
system shall allow user addremove products shopping cart,F,F,0.9808329343795776,0.0006800548289902508,0.003191768191754818,0.0032048593275249004,0.0007495557074435055,0.0031444458290934563,0.0016039020847529173,0.0008523244759999216,0.0007596380892209709,0.001988507341593504,0.0012352117337286472,0.001756812329404056
product shall allow customization start page views preferences,US,F,0.8501511216163635,0.005031051579862833,0.036293771117925644,0.06967435032129288,0.0026034016627818346,0.006104621570557356,0.009107856079936028,0.002421641256660223,0.0026251820381730795,0.005525700747966766,0.005408787168562412,0.005052520427852869
system shall allow minimum 6 users work time,PE,SC,0.03573684021830559,0.10903716087341309,0.03367302939295769,0.12459815293550491,0.1329183131456375,0.015470961108803749,0.047381266951560974,0.3211924731731415,0.02487059496343136,0.061450861394405365,0.06829558312892914,0.025374792516231537
system use shall cause harm human users,SE,SE,0.04255731776356697,0.01983610913157463,0.04076856002211571,0.04292844235897064,0.014524802565574646,0.6825063228607178,0.03303760662674904,0.01038471981883049,0.018170293420553207,0.02009543590247631,0.014027079567313194,0.061163365840911865
users shall able reach 91add92 91drop92 91trade player92 pages one click team owner92s page,US,US,0.008617239072918892,0.03130358085036278,0.020977498963475227,0.8821823000907898,0.008570445701479912,0.006837824825197458,0.010408688336610794,0.005274245515465736,0.004563288297504187,0.0049020107835531235,0.012783622369170189,0.003579261712729931
system shall allow user define time segments,F,F,0.981635570526123,0.0007190025644376874,0.0027557548601180315,0.0026883285026997328,0.0007567474385723472,0.0034262249246239662,0.0015170128317549825,0.000869703246280551,0.0007522818632423878,0.0019714266527444124,0.0011689438251778483,0.0017389636486768723
system shall allow user select order order history,F,F,0.9811867475509644,0.0007140384986996651,0.0027987670619040728,0.0030075793620198965,0.0007054448360577226,0.003649949561804533,0.0016184401465579867,0.0008186569903045893,0.0007423381321132183,0.001900585019029677,0.0011531577911227942,0.0017042112303897738
ship sunk product shall simulate sound sinking ship,LF,LF,0.028660330921411514,0.024491600692272186,0.7019962072372437,0.06913726031780243,0.016856929287314415,0.010836038738489151,0.031242890283465385,0.017855487763881683,0.017270604148507118,0.04767454415559769,0.018726665526628494,0.01525143999606371
system shall notify use financing request,F,F,0.9783128499984741,0.0006875807303003967,0.0026047208812087774,0.001744024339132011,0.0008556488901376724,0.005771635565906763,0.0016878945752978325,0.0011382666416466236,0.0008953327196650207,0.002829733770340681,0.0013115188339725137,0.0021607892122119665
prepaid cards shall distributed via email via printed paper card,F,SE,0.15319055318832397,0.019061539322137833,0.04470242187380791,0.011395956389605999,0.018440095707774162,0.33455121517181396,0.024822814390063286,0.025200562551617622,0.021402843296527863,0.29631099104881287,0.02463018335402012,0.02629081718623638
reports must easy generate reports must generated within one button click exported within one button click selecting report,US,US,0.0166183914989233,0.05224204808473587,0.035327792167663574,0.8280022740364075,0.00797177478671074,0.006354919169098139,0.017666170373558998,0.005783055443316698,0.004121411591768265,0.006720875855535269,0.014783761464059353,0.004407474771142006
enable admin generate reports contains posts corresponding replies,F,F,0.979820191860199,0.0007674946682527661,0.0031578904017806053,0.001877248054370284,0.000876191770657897,0.003964302130043507,0.0016361146699637175,0.00105499685741961,0.0007718609995208681,0.0026290768291801214,0.0014122218126431108,0.0020324476063251495
system notify affected parties changes occur affecting classes including limited class cancellations class section detail changes changes class offerings given quarter,F,F,0.9746859073638916,0.0006883072201162577,0.0028979508206248283,0.0017507949378341436,0.000998601783066988,0.006687326356768608,0.0020299663301557302,0.0012040900764986873,0.0009897913550958037,0.0032892480958253145,0.0023794998414814472,0.0023985044099390507
program administrators nursing staff members shall able add new classes sequence classes,F,F,0.9796472787857056,0.0006516043795272708,0.002369427355006337,0.0019927886314690113,0.0007737908163107932,0.005440264008939266,0.0016552102752029896,0.0010146962013095617,0.000860794389154762,0.0022987970151007175,0.0014412596356123686,0.0018540224991738796
system shall locate preferred repair facility highest ratings input criteria,F,F,0.9807491302490234,0.0007135107880458236,0.0030336296185851097,0.0024575472343713045,0.000879497907590121,0.003033856861293316,0.0015634519513696432,0.0010249975603073835,0.0008671492687426507,0.0023521315306425095,0.0013052059803158045,0.00201985239982605
velkat staff available phone support 7am7pm mf provide technical support izogn administrators,A,O,0.13583208620548248,0.04540031775832176,0.07201378792524338,0.08663159608840942,0.08172835409641266,0.018949756398797035,0.05098218470811844,0.08794008195400238,0.035322725772857666,0.24505050480365753,0.11825776845216751,0.021890832111239433
waiter attempts log second tablet already logged another tablet shall rejected notified tablets,SE,SE,0.043257374316453934,0.005163406487554312,0.0030967395287007093,0.0033419281244277954,0.0024440381675958633,0.9165611863136292,0.006418230477720499,0.0021302627865225077,0.003026836086064577,0.006722983904182911,0.00291230995208025,0.004924850072711706
hit results sinking ship product shall indicate type ship sunk defensive grid defensive player,F,F,0.9806613922119141,0.0006317453808151186,0.0036605342756956816,0.0021813171915709972,0.0007489909185096622,0.003139594802632928,0.0014196619158610702,0.0009526807116344571,0.0008386248955503106,0.0025367389898747206,0.001261809142306447,0.001966861542314291
product shall allow user remove list players time,F,F,0.9692567586898804,0.0020234950352460146,0.004273091908544302,0.008209309540688992,0.0011255503632128239,0.004003670532256365,0.002986837876960635,0.0011901987018063664,0.0008607828640379012,0.0023413102608174086,0.0018840929260477424,0.001844845712184906
website shall continue operate payment gateway goes,FT,O,0.05885585770010948,0.02979574352502823,0.034753166139125824,0.016161596402525902,0.032148223370313644,0.10703101009130478,0.05831827595829964,0.06638996303081512,0.03028404898941517,0.4927995800971985,0.04454364255070686,0.02891882136464119
system shall operate within windows xp professional operating system,O,O,0.012212386354804039,0.00945002306252718,0.04226686805486679,0.010282737202942371,0.031158747151494026,0.017515650019049644,0.018050793558359146,0.0323411300778389,0.2364453673362732,0.5185717344284058,0.04408538341522217,0.02761922776699066
system shall enable user add one component configuration,F,F,0.9797195792198181,0.0006792013300582767,0.00256826588883996,0.0027397433295845985,0.0008106864406727254,0.004757560323923826,0.0017206767806783319,0.0008802402880974114,0.000809565419331193,0.002320543397217989,0.0013988695573061705,0.001595121924765408
cma report shall returned later 60 seconds user entered cma report criteria,PE,PE,0.004436924122273922,0.8569422960281372,0.0072617302648723125,0.057681430131196976,0.02254747413098812,0.005629418883472681,0.014024442061781883,0.006549883633852005,0.0033674328587949276,0.006299192551523447,0.009566192515194416,0.005693653132766485
page application take 6 seconds load dsl broadband connection,PE,PE,0.0027736511547118425,0.8085896372795105,0.0069127813912928104,0.020979948341846466,0.08285020291805267,0.005525406450033188,0.01456631813198328,0.01554168201982975,0.007310120388865471,0.011173704639077187,0.012949339114129543,0.010827138088643551
system portable various operating environments,PO,O,0.016148634254932404,0.01328116375952959,0.03283701464533806,0.012105699628591537,0.03321851044893265,0.015829531475901604,0.02410157397389412,0.06005717068910599,0.18230488896369934,0.5365489721298218,0.049577467143535614,0.023989329114556313
system use stored email addresses primary means communicating information affected parties,F,SE,0.02603713423013687,0.004197804257273674,0.003764673136174679,0.0020466826390475035,0.0028406784404069185,0.925983726978302,0.005656541790813208,0.0023759689647704363,0.003973224200308323,0.014567239210009575,0.003035355592146516,0.005520899314433336
system shall notify user schedule changes,F,F,0.9775521755218506,0.0007017503376118839,0.002331421012058854,0.0017368141561746597,0.0009204483358189464,0.006387429777532816,0.001970413839444518,0.0011118515394628048,0.0008601625449955463,0.0028925638180226088,0.001524631050415337,0.00201029353775084
system shall allow user modify location preference set already submitted meeting response,F,F,0.9818325042724609,0.0007087868289090693,0.0025795733090490103,0.0023988918401300907,0.000759833783376962,0.0032505453564226627,0.0016448457026854157,0.0009301566751673818,0.0007617633673362434,0.0020105098374187946,0.0012459614081308246,0.0018767009023576975
disputes system shall record name user date activity creates modifies disputes case system detailed history actions taken case including date user performed action must maintained auditing purposes,F,F,0.8313024044036865,0.001994358142837882,0.0076867323368787766,0.002903715707361698,0.0029042114038020372,0.11365493386983871,0.0057194046676158905,0.0024101706221699715,0.0029593645595014095,0.011309625580906868,0.00521107017993927,0.01194394938647747
system shall use secure sockets transactions include confidential customer information,SE,SE,0.008941512554883957,0.006716967094689608,0.0031018934678286314,0.0027812235057353973,0.0030514232348650694,0.9403604865074158,0.007042829412966967,0.0033193195704370737,0.004862676840275526,0.007633870933204889,0.002694618422538042,0.00949313398450613
system administrator shall able reset revoked user logon account,SE,SE,0.024256447330117226,0.004129285924136639,0.0023956401273608208,0.002584752393886447,0.0023018198553472757,0.9398467540740967,0.005883357021957636,0.0017892542527988553,0.003188750706613064,0.006616176571696997,0.002622133120894432,0.004385586362332106
notification game ending include reason game ended ie player game player ended game,F,F,0.9795171022415161,0.0006630360730923712,0.0026340624317526817,0.0019112983718514442,0.0007672623614780605,0.005718348082154989,0.0015016968827694654,0.0009400435374118388,0.0007491658325307071,0.002532484009861946,0.0012725315755233169,0.0017928679008036852
website shall request authorize credit card payment allowing user stream movie,F,F,0.9693627953529358,0.001141581335105002,0.0029630872886627913,0.002845346461981535,0.0007957989000715315,0.01272380631417036,0.002102626021951437,0.0010457707103341818,0.0008059912361204624,0.0028904546052217484,0.0012589037651196122,0.0020637032575905323
system shall allow user specify custom meeting locations,F,F,0.9817505478858948,0.000657305761706084,0.0027958215214312077,0.0027923958841711283,0.0007123261457309127,0.0036074344534426928,0.0014721910702064633,0.0008243726333603263,0.0007732876692898571,0.0017917640507221222,0.0011170743964612484,0.001705424627289176
information recorded must include optional field context,F,F,0.9770333170890808,0.0007685536984354258,0.00401153601706028,0.002862243913114071,0.0007835308206267655,0.0056759812869131565,0.0015551653923466802,0.0008661517640575767,0.0008924982976168394,0.0021636136807501316,0.001287343562580645,0.0021001354325562716
user shall able download appointments contact information clients,F,F,0.9531718492507935,0.0015376965748146176,0.005689307115972042,0.01372788567095995,0.0010637243976816535,0.012826371006667614,0.0030952750239521265,0.0010816194117069244,0.001254360657185316,0.0023840933572500944,0.0018747785361483693,0.0022930356208235025
product shall conform americans disabilities act,US,LF,0.025267712771892548,0.02032080851495266,0.6011569499969482,0.04212547466158867,0.031108247116208076,0.012589991092681885,0.025486016646027565,0.017812607809901237,0.02558247372508049,0.052875153720378876,0.04402315616607666,0.10165134817361832
system shall support ability perform receive operation,F,F,0.9752525091171265,0.0007276621181517839,0.0037757130339741707,0.001888267113827169,0.0011138885747641325,0.0036329173017293215,0.002229670761153102,0.0014048450393602252,0.000972383189946413,0.004746111109852791,0.002035506535321474,0.0022205461282283068
high level performance requires high speed network high level connectivity,PE,A,0.0050271437503397465,0.15058067440986633,0.018770083785057068,0.013673633337020874,0.2977248728275299,0.018559766933321953,0.04700256511569023,0.09935487061738968,0.05673276260495186,0.2147912085056305,0.05211717262864113,0.025665223598480225
functions system must available user every time system turned,A,F,0.7927277088165283,0.007376786321401596,0.006815788336098194,0.01826184056699276,0.0030125242192298174,0.12586332857608795,0.012978162616491318,0.0026019508950412273,0.0025070644915103912,0.012876826338469982,0.010063553228974342,0.004914442077279091
users authorized home access corporate intranet may use cos noncompany locations,SE,SE,0.018263110890984535,0.0036329911090433598,0.0036971524823457003,0.0026174040976911783,0.0028972660657018423,0.9420027732849121,0.004943358711898327,0.002045086119323969,0.004003343638032675,0.008663945831358433,0.0025002388283610344,0.004733413457870483
appearance product shall appear professional,LF,LF,0.08097723126411438,0.014695518650114536,0.6115963459014893,0.16729216277599335,0.013091604225337505,0.009085692465305328,0.023650450631976128,0.010681213811039925,0.015760445967316628,0.01596495695412159,0.017205065116286278,0.01999933086335659
wcs system shall ability include data regions outside united states accessed users outside united states approved ccr management,SC,SE,0.016799433156847954,0.004188116639852524,0.0052622235380113125,0.002227165037766099,0.005247199907898903,0.8999320864677429,0.007315760478377342,0.004100210033357143,0.006149851717054844,0.03228456899523735,0.005611719097942114,0.010881698690354824
system shall notify realtor seller buyer responds appointment request,F,F,0.980542778968811,0.0006800605915486813,0.0027457058895379305,0.0018049160717055202,0.0008527747122570872,0.004137455951422453,0.0015348875895142555,0.001010536914691329,0.0008227383368648589,0.0025594858452677727,0.001280168304219842,0.0020283928606659174
product shall translated foreign languages target market countries92 languages future releases emerging target market shall take 5 days configure product market92s language,US,US,0.005906146485358477,0.176029235124588,0.03171822056174278,0.6115768551826477,0.04377168044447899,0.005611737724393606,0.01958405412733555,0.024196280166506767,0.013203089125454426,0.017326518893241882,0.04161590710282326,0.009460325352847576
system shall allow user confirm purchase,F,F,0.9803604483604431,0.0007457580068148673,0.0026929371524602175,0.002879189793020487,0.0007452667341567576,0.004187803715467453,0.0017343279905617237,0.0008876913343556225,0.0008210637024603784,0.0018925083568319678,0.001180102932266891,0.0018728455761447549
start turn product shall notify player status,F,F,0.9800469279289246,0.000714304274879396,0.002616092562675476,0.001905078417621553,0.0008028745651245117,0.004533486440777779,0.0016984855756163597,0.0010253137443214655,0.0007835743599571288,0.002667894121259451,0.0012845495948567986,0.0019214717904105783
product shall end game hit offensive player results sinking last defensive player92s ships previously marked sunk,F,F,0.9724207520484924,0.0012321509420871735,0.00398560706526041,0.0037724445573985577,0.0008417923236265779,0.006910363212227821,0.0023512637708336115,0.001036185771226883,0.0007515843608416617,0.002938257297500968,0.001825904124416411,0.0019336182158440351
system shall able call seller buyer schedule appointment,F,F,0.9805613160133362,0.0007996904896572232,0.0027524344623088837,0.0030505629256367683,0.0008003122638911009,0.003550328081473708,0.0017355388263240457,0.0009141025366261601,0.0007835913565941155,0.002139475429430604,0.001278022420592606,0.0016344207106158137
view personal details customer,F,F,0.9754973649978638,0.000743724696803838,0.0029376221355050802,0.002038140082731843,0.0008499188697896898,0.008354085497558117,0.0017085050931200385,0.00093876599567011,0.000876554986461997,0.002797848079353571,0.001274612732231617,0.0019828504882752895
system keep customer email,F,F,0.9547162652015686,0.0009102349285967648,0.0030734131578356028,0.0017737788148224354,0.0011692112311720848,0.021796561777591705,0.002428235486149788,0.0013352754758670926,0.001379489665850997,0.006808910984545946,0.0019368426874279976,0.002671814290806651
interface shall easy use 90 users able successfully use system generate report first use interface adhere ibm usability standards,US,US,0.026641739532351494,0.009830018505454063,0.11668316274881363,0.7824280858039856,0.006075066048651934,0.005664760712534189,0.013659887947142124,0.00520546268671751,0.00757538853213191,0.006389076821506023,0.012142457999289036,0.007704915478825569
credit card information encrypted database,SE,SE,0.010579106397926807,0.004817209672182798,0.0026131300255656242,0.002032171469181776,0.002832607366144657,0.9475116729736328,0.005692314822226763,0.0025746861938387156,0.004101718310266733,0.008739810436964035,0.0025413590483367443,0.005964226089417934
authenticate login user web app,F,SE,0.07912690937519073,0.005013839807361364,0.006898070685565472,0.010313477367162704,0.002904945518821478,0.8565096855163574,0.007482160348445177,0.002476342022418976,0.004497169982641935,0.014994535595178604,0.004410720895975828,0.005372161976993084
shot marked miss product shall change status defensive player offensive,F,F,0.9777665138244629,0.0006174451555125415,0.004171469248831272,0.0017286721849814057,0.0008517805836163461,0.003938231151551008,0.0015603079227730632,0.0010921278735622764,0.0009977720910683274,0.003420561784878373,0.0015232058940455317,0.002331910887733102
product shall store new conference rooms,F,F,0.8800964951515198,0.003349136095494032,0.02793864905834198,0.01941961981356144,0.004581598099321127,0.0052659218199551105,0.008376514539122581,0.008331202901899815,0.0050896815955638885,0.01974674127995968,0.011238578706979752,0.006565875373780727
collision estimators shall search recycled parts users without collision estimator role shall access search recycled parts,SE,SE,0.12285444140434265,0.011611547321081161,0.011300500482320786,0.009939751587808132,0.004947432782500982,0.7650609016418457,0.01663832925260067,0.0036464878357946873,0.00397346680983901,0.030354151502251625,0.009170002304017544,0.010503056459128857
responsible properly allocating selected product according customer ’ choice delivering product customer,F,F,0.8049138784408569,0.010591407306492329,0.03151606395840645,0.05973827466368675,0.007001407444477081,0.01416234951466322,0.016549013555049896,0.007301643490791321,0.004293704405426979,0.01488770917057991,0.015360340476036072,0.013684134930372238
menus system must easily navigable users buttons easy understand,US,US,0.01650760881602764,0.012518244795501232,0.03712494298815727,0.8852363228797913,0.004638854414224625,0.005891340784728527,0.010042526759207249,0.004707068670541048,0.005950119346380234,0.0036772345192730427,0.008902792818844318,0.0048030647449195385
programmers application developers access source code address bugs system enhancements deemed necessary network administrator dba support also required maintain 24x7 system uptime,A,O,0.0045408327132463455,0.050138093531131744,0.011261709034442902,0.004179803654551506,0.08273014426231384,0.019567890092730522,0.038817163556814194,0.09604869782924652,0.047078315168619156,0.52491295337677,0.09473878145217896,0.02598564513027668
system shall give mediator privileges schedule location equipment resources,F,F,0.9805948138237,0.000693446840159595,0.0029927792493253946,0.0020066217985004187,0.0008175414986908436,0.0036972227972000837,0.0014449737500399351,0.0010276304092258215,0.0007831142283976078,0.0026609431952238083,0.0012481798185035586,0.0020327502861618996
user authentication privileges defined outside scope sytem microsoft active directroy server,SE,SE,0.010509581305086613,0.0036259836051613092,0.0031223746482282877,0.0017820936627686024,0.0025390726514160633,0.9499647617340088,0.0048150476068258286,0.002374722622334957,0.004249315243214369,0.009039108641445637,0.002216391498222947,0.005761590786278248
system shall display faq ’ upon request,F,F,0.9790880680084229,0.0008256916189566255,0.0028761245775967836,0.0025299869012087584,0.000676172727253288,0.005531182512640953,0.0018167408416047692,0.000783763185609132,0.0007594291237182915,0.002108105458319187,0.0013046367093920708,0.0017001298256218433
fit criterion dr susan poslusny karen sysol people shall access final class section scheduling system interfaces campusconnect,SE,US,0.03341308981180191,0.03057611733675003,0.07087518274784088,0.49094802141189575,0.017388632521033287,0.1050630509853363,0.041351985186338425,0.013920948840677738,0.018428554758429527,0.12266449630260468,0.043411046266555786,0.011958873830735683
transactions flea market require valid user id password,SE,SE,0.014170490205287933,0.0049547916278243065,0.0028072933200746775,0.0024094104301184416,0.002362735103815794,0.9471160769462585,0.004862596280872822,0.0022574474569410086,0.0038628310430794954,0.006143041420727968,0.0021791416220366955,0.006874040234833956
disputes applications shall interface merchant information database merchant information database provides detailed information regard merchant merchant detail information shall obtained merchant information database,O,O,0.012832434847950935,0.012867710553109646,0.019044358283281326,0.004611792508512735,0.014751608483493328,0.019421115517616272,0.020400704815983772,0.02818158082664013,0.015581524930894375,0.8162687420845032,0.025867056101560593,0.010171419009566307
vendors must take permission administrator selling products site administrator test product ’ quality according market price permit vendor selling purpose,F,F,0.9052252173423767,0.0016681194538250566,0.010200535878539085,0.007401307579129934,0.0018066135235130787,0.05099925026297569,0.0042038909159600735,0.001595257897861302,0.0018058090936392546,0.006427574437111616,0.003065596567466855,0.005600856617093086
system shall help system offers tips explanation screen item screens upon demand,US,F,0.6365684270858765,0.010445989668369293,0.04845106974244118,0.2502155303955078,0.005059211049228907,0.006472669541835785,0.012616453692317009,0.00416343379765749,0.004439941141754389,0.006892482750117779,0.00807063840329647,0.006604128051549196
system shall use textbased interface display listing available mail,LF,LF,0.24031026661396027,0.007379618473351002,0.48608365654945374,0.15025721490383148,0.007893573492765427,0.007520121522247791,0.016402151435613632,0.00882912240922451,0.012093071825802326,0.03827942907810211,0.013217426836490631,0.011734378524124622
system keep customer contact number,F,F,0.9736420512199402,0.0006832403014414012,0.0026473249308764935,0.002247480908408761,0.0008608559146523476,0.009106439538300037,0.0016002400079742074,0.0010927055263891816,0.0010761001612991095,0.003633376443758607,0.0013462173519656062,0.0020640334114432335
flea market system interface web server rdbms software using apis provided implementation language,O,O,0.010748900473117828,0.007525280583649874,0.024246813729405403,0.004858412779867649,0.01640525832772255,0.013150720857083797,0.012976027093827724,0.02913166955113411,0.07572533935308456,0.7554802298545837,0.03445052728056908,0.01530091930180788
system shall use ibm ccr branding standards interface must one ibm logo one ccr logo,LF,LF,0.02599012292921543,0.010187452659010887,0.7489593029022217,0.024534381926059723,0.016665196046233177,0.011754820123314857,0.01723496802151203,0.013220754452049732,0.021676231175661087,0.06296084076166153,0.022486232221126556,0.02432967908680439
product must highly configurable use various database management systems end users 80 end users able integrate new database management systems product without changing product92s software code,MN,O,0.014712635427713394,0.040647175163030624,0.028516793623566628,0.054573722183704376,0.023436369374394417,0.035596590489149094,0.04701883718371391,0.03658733516931534,0.044841218739748,0.5029768347740173,0.15399125218391418,0.017101364210247993
return list available patient loaded correct,F,F,0.9804750084877014,0.0007856844458729029,0.002910085255280137,0.0024718758650124073,0.0008111305069178343,0.003348036203533411,0.0016449824906885624,0.0009132518316619098,0.0008156105177477002,0.0025664616841822863,0.0014527977909892797,0.0018050220096483827
system shall provide option withdraw money,F,F,0.9805361032485962,0.0007166003924794495,0.0027164891362190247,0.0024828710593283176,0.0007582640391774476,0.003961495123803616,0.0016030787955969572,0.0009754059137776494,0.0007815632270649076,0.0025482613127678633,0.0012046763440594077,0.0017152178334072232
system require user state time doughnut delivered,F,F,0.9802426695823669,0.0007562482496723533,0.002728142775595188,0.002870656084269285,0.0008129228372126818,0.003987976815551519,0.0015741257229819894,0.0010021571069955826,0.0007711300277151167,0.0023985125590115786,0.0012778465170413256,0.0015775958308950067
estimator shall search available recycled parts using list preferred parts suppliers,F,F,0.9787823557853699,0.000848250521812588,0.003749838098883629,0.004302227403968573,0.000809927936643362,0.0026629148051142693,0.0017843216191977262,0.000923137238714844,0.0008088769973255694,0.0021330853924155235,0.0014363313093781471,0.001758839120157063
system use company colors logos,LF,LF,0.18713510036468506,0.008948438800871372,0.6158697605133057,0.03844577074050903,0.014263682998716831,0.015400690026581287,0.016882777214050293,0.011731796897947788,0.018564995378255844,0.03000815398991108,0.017137398943305016,0.02561141364276409
business rules specified disputes system shall compliance guidelines regulation e regulation z,L,L,0.02443856932222843,0.029391296207904816,0.05287575721740723,0.01275557465851307,0.03653646633028984,0.06208855286240578,0.03056342341005802,0.025305626913905144,0.04129495844244957,0.036894433200359344,0.035675857216119766,0.6121794581413269
system shall prevent malicious attacks including denial service,SE,SE,0.012399094179272652,0.009914064779877663,0.006973133888095617,0.004048063885420561,0.007078238297253847,0.8878371715545654,0.015753889456391335,0.004799665883183479,0.009198381565511227,0.021668272092938423,0.0058600883930921555,0.014469918794929981
system shall intuitive program administratorsnursing staff members,US,US,0.01904042437672615,0.014208037406206131,0.042814940214157104,0.8721533417701721,0.005124096293002367,0.005409562028944492,0.011842695996165276,0.004704304039478302,0.0059789321385324,0.004227724391967058,0.009929669089615345,0.004566262476146221
enduser may use system os either windows linux,PO,O,0.011147853918373585,0.00839227344840765,0.027059484273195267,0.008882498368620872,0.021995119750499725,0.016496505588293076,0.016418136656284332,0.03628331422805786,0.1172364205121994,0.6899304986000061,0.030134307220578194,0.016023578122258186
product shall operate offline mode whenever internet connection unavailable,FT,O,0.008579209446907043,0.12448491156101227,0.015865718945860863,0.015867920592427254,0.1009489968419075,0.05039585754275322,0.0634208396077156,0.09502025693655014,0.04112101346254349,0.41384199261665344,0.05241964012384415,0.01803363859653473
preferred repair facility shall returned user,F,F,0.9766317009925842,0.0007412492414005101,0.0030142765026539564,0.003653938416391611,0.0008397404453717172,0.00523657351732254,0.0016920882044360042,0.0010673301294445992,0.000925848784390837,0.002837920095771551,0.0014545725425705314,0.0019048515241593122
system shall display tax information order,F,F,0.9813913106918335,0.0006528300582431257,0.0030065958853811026,0.0020328499376773834,0.00075399165507406,0.003430650569498539,0.0014970803167670965,0.0009054507245309651,0.0007940112263895571,0.00234391656704247,0.0012134830467402935,0.0019778653513640165
application shall run web application server,O,O,0.005649259313941002,0.01197783648967743,0.0151904271915555,0.00323031865991652,0.022715149447321892,0.017608167603611946,0.013622741214931011,0.03770086541771889,0.06618913263082504,0.7604955434799194,0.03304662927985191,0.012573937885463238
product shall ensure supervisors view schedule callersthe product must ensure supervisors allowed access advertise empty time slots,SE,SE,0.01202967669814825,0.007494676858186722,0.004487090744078159,0.004171981010586023,0.0034324047155678272,0.93257737159729,0.007668929174542427,0.002775610191747546,0.005053935572504997,0.005861124489456415,0.003257099539041519,0.011190197430551052
system shall generate audit report based available recycled parts collision estimate,F,F,0.9772433638572693,0.0007147728465497494,0.0039831181056797504,0.0029339673928916454,0.0008984517771750689,0.004222421441227198,0.0019429336534813046,0.000933414208702743,0.0008527480531483889,0.0025688630994409323,0.001635919907130301,0.0020700248423963785
leads score falls within high average score process ara functionality,F,F,0.9667328596115112,0.0008737518801353872,0.009254548698663712,0.003597276285290718,0.0011263316264376044,0.0044271377846598625,0.002148428000509739,0.0013686605961993337,0.0011815926991403103,0.003977470565587282,0.001964092953130603,0.0033479146659374237
system shall allow administrator remove equipment,F,F,0.9803948998451233,0.0006771210464648902,0.0026759428437799215,0.0024344671983271837,0.0007188474992290139,0.004641782026737928,0.0016834891866892576,0.0008277124143205583,0.0007369110244326293,0.0023812998551875353,0.0011950638145208359,0.0016324383905157447
changes revenue expense formulae must applied rfs system every year prior budgeting process start revenue expense formulae updated within one week receipt 2 weeks allotted testing budget calculations conducted jointly project development team pcg finance,MN,MN,0.1529480218887329,0.08356096595525742,0.06094387173652649,0.15754134953022003,0.03588380292057991,0.025497784838080406,0.06466276198625565,0.03900579363107681,0.012949405238032341,0.13314364850521088,0.21308332681655884,0.020779380574822426
program administrators nursing staff members shall able add new clinical site system,F,F,0.980242908000946,0.0006892835372127593,0.002487762598320842,0.0023953255731612444,0.0009007931221276522,0.0040687439031898975,0.0016278079710900784,0.0010950113646686077,0.0008046645671129227,0.002363295527175069,0.00154547905549407,0.0017789228586480021
product shall expected operate least 5 years customer installation,SC,SC,0.0051877060905098915,0.12156591564416885,0.025767987594008446,0.07646221667528152,0.17744611203670502,0.007344135083258152,0.05766526609659195,0.285780131816864,0.039695918560028076,0.06934446096420288,0.1127685010433197,0.020971644669771194
product update existing room equipment,F,F,0.965336263179779,0.0008033715421333909,0.004207503516227007,0.0025927673559635878,0.001574173686094582,0.006505200639367104,0.0028247088193893433,0.0017741514602676034,0.0013246121816337109,0.0062478273175656796,0.0041785286739468575,0.0026309392414987087
interface shall simple look interface usability survey 90 beta testers must report interface adequately simple,LF,LF,0.061319172382354736,0.01022361870855093,0.6705759763717651,0.16696561872959137,0.010060937143862247,0.006148581858724356,0.014797425828874111,0.007333234418183565,0.011287633329629898,0.013026178814470768,0.013773550279438496,0.014488053508102894
online registration system “ selfservice style ” system shall initially address student registration needs,F,US,0.042606767266988754,0.05189858376979828,0.054883282631635666,0.6807860136032104,0.01843155547976494,0.008630264550447464,0.029273051768541336,0.0253500584512949,0.009285866282880306,0.030362941324710846,0.04002085700631142,0.008470769040286541
application shall ask user confirm dropping player trading player performing action,US,F,0.9805024266242981,0.000776143278926611,0.002530257683247328,0.0020993982907384634,0.0007326799095608294,0.004656999837607145,0.0017397388583049178,0.0009604644728824496,0.0007281420985236764,0.002260727109387517,0.0012558719608932734,0.0017571243224665523
product formula ingredients shall allow defining substitutionary ingredients,F,F,0.9808490872383118,0.0006544717471115291,0.003149634227156639,0.002478519454598427,0.000795696338173002,0.0032117750961333513,0.0015044870087876916,0.0009319264208897948,0.000872432196047157,0.0021632001735270023,0.0014081851113587618,0.0019806968048214912
audit report shall available adjusters later points time,F,F,0.9311378598213196,0.003996525425463915,0.006835276260972023,0.008171974681317806,0.004167987033724785,0.007572443690150976,0.007969028316438198,0.004156771115958691,0.002351383911445737,0.00878526084125042,0.010333167389035225,0.004522270988672972
product must work database management systems dbms market whether dbms colocated product machine located different machine computer network,O,O,0.011646371334791183,0.006762729492038488,0.013004465959966183,0.0028087811078876257,0.013806437142193317,0.024966156110167503,0.012813691049814224,0.026806268841028214,0.030742976814508438,0.8226670622825623,0.023678217083215714,0.010296845808625221
user passwords stored database encrypted format,SE,SE,0.011219611391425133,0.004367523360997438,0.0027974708937108517,0.001727368333376944,0.0030277238693088293,0.9460428953170776,0.00528233777731657,0.0025690996553748846,0.0038051933515816927,0.01065185759216547,0.002691966947168112,0.005816909018903971
system shall display shipping charges,F,F,0.9789148569107056,0.0007464782102033496,0.003372815903276205,0.002446733880788088,0.0008845280390232801,0.003819490782916546,0.0016984500689432025,0.0010010157711803913,0.0008666217909194529,0.002628709888085723,0.001430145581252873,0.0021902876906096935
language product shall accommodate target market countries 90 survey respondents target market country find language product acceptable,SC,US,0.017924653366208076,0.015145114623010159,0.1480855792760849,0.7259753346443176,0.014677682891488075,0.0047011286951601505,0.015960106626152992,0.01116077322512865,0.011834432370960712,0.007135813590139151,0.018540572375059128,0.008858873508870602
system must automatically log customers period inactivity,SE,SE,0.011817453429102898,0.005275210365653038,0.002867254428565502,0.002363612176850438,0.002917763078585267,0.9497520327568054,0.005626375321298838,0.0021752389147877693,0.0035649442579597235,0.0059077320620417595,0.0022690158803015947,0.005463415291160345
system provide 24 hour 800 toll free number support customers,A,F,0.705890417098999,0.009521771222352982,0.041803691536188126,0.1153363361954689,0.015393530949950218,0.01819203980267048,0.015054356306791306,0.010747685097157955,0.009675495326519012,0.028418218716979027,0.01795133389532566,0.012015171349048615
system shall display clear property images search results,F,LF,0.2698865532875061,0.0224202461540699,0.31011471152305603,0.2984083890914917,0.008723875507712364,0.008658287115395069,0.026218052953481674,0.006830029189586639,0.008583235554397106,0.015518509782850742,0.013747542165219784,0.010890518315136433
product shall record equipment reserved,F,F,0.9180083870887756,0.0012516856659203768,0.00489159906283021,0.0019876910373568535,0.0019346334738656878,0.0379808135330677,0.00398509344086051,0.002287080977112055,0.0023136783856898546,0.01700272411108017,0.0038854535669088364,0.004471326246857643
system shall let administrator addremove categories website 5 minutes,PE,PE,0.005388135090470314,0.8768635392189026,0.006448414642363787,0.03116886503994465,0.026001397520303726,0.004880808759480715,0.011745015159249306,0.009136317297816277,0.003582932520657778,0.007685740012675524,0.010656081140041351,0.006442710291594267
system shall support 10000 simultaneous users central database given time 5000 simultaneous users local servers one time performance website must optimal incase huge loads hence appropriate load balancing must done achieve number mirror servers readily available case huge loads without user getting delay,PE,PE,0.0034193657338619232,0.36442309617996216,0.013889582827687263,0.013908210210502148,0.20725037157535553,0.009380443952977657,0.04992798715829849,0.1497335582971573,0.02121950499713421,0.09143221378326416,0.054792724549770355,0.02062292955815792
product shall allow player position ships diagonally grid,F,F,0.9685720801353455,0.001038357731886208,0.007504911161959171,0.00722586689516902,0.0010553544852882624,0.003380193840712309,0.002088907640427351,0.0011168249184265733,0.001118028536438942,0.002895907498896122,0.001609198865480721,0.00239439751021564
system shall generate inventory quantity adjustment document based product daily sales data product formulas,F,F,0.9776040315628052,0.0008549962658435106,0.0043321046978235245,0.003510179929435253,0.0008195093832910061,0.0027243781369179487,0.001860849792137742,0.000977309886366129,0.0007253771764226258,0.0030407144222408533,0.0018234729068353772,0.0017271630931645632
product must designed using design patterns coding best practices 90 maintenance software developers able integrate new functionality product 2 working days,MN,MN,0.008245867677032948,0.07690651714801788,0.04421960189938545,0.1650366485118866,0.08338343352079391,0.005668226163834333,0.07346677035093307,0.10267747193574905,0.052047304809093475,0.10842686146497726,0.256291925907135,0.02362930029630661
software system needs robust security mechanism place unauthorized users allowed access parts system,SE,SE,0.007414664141833782,0.005218621343374252,0.0029757218435406685,0.0024593386333435774,0.0029290304519236088,0.9478797912597656,0.006335010286420584,0.0025013370905071497,0.0046071987599134445,0.0067366668954491615,0.0027756295166909695,0.008166995830833912
website shall capable supporting 100 000 customers,SC,SC,0.012819093652069569,0.05555117130279541,0.031119614839553833,0.033858709037303925,0.09659121930599213,0.009930725209414959,0.039603088051080704,0.5040692687034607,0.04413069784641266,0.07735200226306915,0.06476777046918869,0.030206603929400444
product require collaboration database management system dbms dbms may located machine product separate machine residing computer network,O,O,0.011644301936030388,0.007256876211613417,0.011005998589098454,0.0025738116819411516,0.01293194480240345,0.03211093693971634,0.012729923240840435,0.02506265975534916,0.024856993928551674,0.8290359973907471,0.020739097148180008,0.010051406919956207
disputes system must provide user ability initiate single dispute case multiple transactions belong single merchant,F,F,0.978617250919342,0.000811068108305335,0.0033287391997873783,0.003898341441527009,0.0007127178832888603,0.0038353397976607084,0.0017133115325123072,0.0009465378825552762,0.0007250052876770496,0.002286662580445409,0.0014356427127495408,0.0016894707223400474
maintenance releases offered customers year releases shall take longer 5 minutes 80 customer base install,MN,PE,0.004462409298866987,0.6196736097335815,0.015024488791823387,0.1371849775314331,0.0809594914317131,0.005597245879471302,0.026874953880906105,0.03435580059885979,0.008764253929257393,0.014790048822760582,0.04316623881459236,0.00914640724658966
product must able interface html browser product shall transmit data user product without problems product shall display html properly 80 html browsers tested minimum test 8 browsers,O,O,0.008898334577679634,0.028607437387108803,0.1296408772468567,0.08773230016231537,0.038757480680942535,0.012867934070527554,0.05415865406394005,0.03570481762290001,0.07871314138174057,0.4396786093711853,0.06512501835823059,0.020115338265895844
program administrators nursing staff members shall able add new classes nursing department system,F,F,0.9800565838813782,0.0006094412528909743,0.002520238282158971,0.0021170168183743954,0.0008551168139092624,0.004457117989659309,0.0015652910806238651,0.001089925062842667,0.0008555687381885946,0.0025759045965969563,0.0015010939678177238,0.0017967617604881525
product shall available players understand english spanish french product shall allow user select language upon accessing product,US,US,0.014252541586756706,0.013596201315522194,0.0336124487221241,0.8933336138725281,0.005227597430348396,0.005840187892317772,0.00885795522481203,0.004629440139979124,0.005176503676921129,0.00396859971806407,0.0076708500273525715,0.0038340173196047544
website shall allow customers view reviews selected movies customers,F,F,0.9731969237327576,0.0010350999655202031,0.005107153207063675,0.006913139019161463,0.0008678153972141445,0.003824565326794982,0.002122024539858103,0.0008909314638003707,0.0009096578578464687,0.0017262684414163232,0.0014030335005372763,0.002003330737352371
product shall able installed operating environment within 2 days,O,PE,0.006175245624035597,0.2722158133983612,0.023042453452944756,0.12543106079101562,0.14093706011772156,0.009587815962731838,0.0629851445555687,0.09711086750030518,0.03930622711777687,0.08713434636592865,0.11671482026576996,0.01935914158821106
product shall easy use adjusters collision estimators 95 adjusters collision estimators shall find product easy use,US,US,0.012003623880445957,0.017712324857711792,0.038657575845718384,0.8735179901123047,0.005533459130674601,0.0059709628112614155,0.015177779830992222,0.004979305900633335,0.004904016386717558,0.005437435116618872,0.011880285106599331,0.004225220996886492
system shall meet applicable accounting standards final version system must successfully pass independent audit performed certified auditor,L,L,0.027458200231194496,0.03363361209630966,0.1079326719045639,0.023694969713687897,0.052697766572237015,0.06425611674785614,0.0502513125538826,0.032248422503471375,0.06242870166897774,0.05639857426285744,0.05861363932490349,0.430385947227478
authorized personnel access sales information,SE,SE,0.01770920306444168,0.004310357850044966,0.00286514381878078,0.002192332409322262,0.002549460157752037,0.9453817009925842,0.0054602655582129955,0.0020987093448638916,0.0036648649256676435,0.0056198155507445335,0.0022603159304708242,0.005887881852686405
user must logged able view edit medical information,F,F,0.7661597728729248,0.002595805563032627,0.004478911869227886,0.0048110028728842735,0.001933288644067943,0.19823968410491943,0.0051292311400175095,0.0018790526082739234,0.0022898195311427116,0.005765500944107771,0.0026802096981555223,0.004037782084196806
system shall display embed message datetimestamp message sent,F,F,0.9720064401626587,0.000742756703402847,0.004034950863569975,0.0018588637467473745,0.0009311317116953433,0.007700893562287092,0.0019521082285791636,0.0011209383374080062,0.0009176111780107021,0.005247900728136301,0.0016448991373181343,0.0018415225204080343
application shall able complete every user transaction within one fourth second receiving request network,PE,PE,0.002352660521864891,0.7899734377861023,0.0059960754588246346,0.015138398855924606,0.07773800939321518,0.008761621080338955,0.01891830749809742,0.025437502190470695,0.008459705859422684,0.020527658984065056,0.015384968370199203,0.011311611160635948
system shall accessed authorized corporate community grants ccr employees users must authenticated using ibm intranet user name password,SE,SE,0.007311141584068537,0.005188755225390196,0.002908971393480897,0.0025036241859197617,0.002825499977916479,0.9523267149925232,0.004997234791517258,0.0024341982789337635,0.004477244336158037,0.006749353371560574,0.002294942969456315,0.005982387810945511
product shall customizable look feel,F,LF,0.08436690270900726,0.009261244907975197,0.7211186289787292,0.0886664167046547,0.009274763986468315,0.006556667387485504,0.01560946460813284,0.00784402247518301,0.011611441150307655,0.018844744190573692,0.013732618652284145,0.013113153167068958
system notify affected parties routine communication purposes including limited informing students upcoming offered classes timeline schedule beshall,F,F,0.953845739364624,0.0011983916629105806,0.0037063313648104668,0.002762947231531143,0.0012657061452046037,0.020210368558764458,0.002972579561173916,0.001516953343525529,0.001263224519789219,0.0056533836759626865,0.002770504215732217,0.0028339039999991655
product shall update existing conference rooms,F,F,0.5822595357894897,0.010941928252577782,0.06899385899305344,0.04673348367214203,0.020111802965402603,0.01308403443545103,0.03461167961359024,0.030470676720142365,0.01578660123050213,0.07138515263795853,0.0842999517917633,0.021321263164281845
enable registered user change password forgets password,F,SE,0.025155968964099884,0.004366038832813501,0.0026120671536773443,0.002589085139334202,0.0026372300926595926,0.9380467534065247,0.005310601554811001,0.002005138900130987,0.0036417886149138212,0.005987668409943581,0.0023441528901457787,0.005303485319018364
system shall support ability perform send receive operation,F,F,0.9751744866371155,0.000691795430611819,0.0038378904573619366,0.0017558379331603646,0.0009912034729495645,0.003896332811564207,0.002083812141790986,0.0013477216707542539,0.0009643161902204156,0.004992594942450523,0.0020140688866376877,0.002249988028779626
system shall enable user navigate search results,F,F,0.8355781435966492,0.00572219816967845,0.02640402875840664,0.09103339165449142,0.0026273091789335012,0.009653672575950623,0.009222649037837982,0.002122006146237254,0.0028953715227544308,0.004879652988165617,0.004999557975679636,0.004862094298005104
systematic nonuser initiated action occurs case disputes aging process case activity generated upon next logon user initiated dispute case must notified systematic action occurred dispute case,F,F,0.6013107299804688,0.0056571983732283115,0.01862235926091671,0.008285126648843288,0.00720212934538722,0.24312300980091095,0.02016102708876133,0.006700167898088694,0.006766561418771744,0.04431960731744766,0.014263155870139599,0.02358890511095524
product shall allow player end game time game,F,F,0.9687485694885254,0.0015560543397441506,0.004802533891052008,0.007279912009835243,0.0011203280882909894,0.004769390914589167,0.002803967334330082,0.001344690565019846,0.001062465482391417,0.002731321146711707,0.0018818844109773636,0.0018988667288795114
system shall allow generation inventory quantity adjustment documents demand,F,F,0.9798679351806641,0.0007094934117048979,0.0034027814399451017,0.002238442888483405,0.0009084041230380535,0.0028702907729893923,0.0017608260968700051,0.0011341864010319114,0.0008476419025100768,0.0026988943573087454,0.001572140958160162,0.001988919684663415
system shall display 10 matching result current screen,F,F,0.9368107318878174,0.003160278545692563,0.017720967531204224,0.01831209845840931,0.002024243585765362,0.0032767048105597496,0.004943026229739189,0.001848076586611569,0.001566008199006319,0.004806452430784702,0.002530671190470457,0.0030006428714841604
system shall let customers cancel account process shall take longer 2 minutes database mark account inactive user able log website,PE,PE,0.009168338030576706,0.7719303369522095,0.010100922547280788,0.11626378446817398,0.019227752462029457,0.011851185001432896,0.021315427497029305,0.0077550457790493965,0.0036015056539326906,0.008429212495684624,0.014102838933467865,0.006253673229366541
product must developed j2sej2ee programming language libraries,O,O,0.012863140553236008,0.01649395190179348,0.02385186403989792,0.010099328123033047,0.020270632579922676,0.016955256462097168,0.01769537851214409,0.04700004309415817,0.10425200313329697,0.6387471556663513,0.06764430552721024,0.0241268090903759
system shall available use hours 8am 6pm,A,A,0.023187942802906036,0.04910074919462204,0.03366127982735634,0.0453149788081646,0.39212244749069214,0.02173129841685295,0.04333203285932541,0.10035280138254166,0.05804988741874695,0.0920976996421814,0.10494891554117203,0.03609994798898697
leads washing functionality return lead data supplied vendor along reason rejection,F,F,0.9804435968399048,0.0006762579432688653,0.0030138660222291946,0.0021379501558840275,0.000790629826951772,0.0035587556194514036,0.0015770766185596585,0.0009805430890992284,0.0008411075104959309,0.0026015648618340492,0.0013905334053561091,0.0019880905747413635
system shall authenticate users beginning session,F,F,0.7814521789550781,0.002851165132597089,0.003487483598291874,0.0044733015820384026,0.0016762405866757035,0.18313071131706238,0.00566922128200531,0.0018768663285300136,0.002105473540723324,0.005809031426906586,0.0027245201636105776,0.00474373996257782
aside server failure software product shall achieve 9999 time,A,A,0.004886424634605646,0.25263512134552,0.015046237967908382,0.02791266143321991,0.2853136360645294,0.010914003476500511,0.06648566573858261,0.09878253191709518,0.03734198957681656,0.08523064106702805,0.09021533280611038,0.025235680863261223
website use standard internet conventions interacting user,US,O,0.009734478779137135,0.029571665450930595,0.057168107479810715,0.12869465351104736,0.0559447705745697,0.06175003573298454,0.030458426102995872,0.03663813695311546,0.05736783146858215,0.4516353905200958,0.05587553232908249,0.025160955265164375
product interface fast response time product interface exceed 2 seconds 90 time 10 time response time 10 secondsnot 10 seconds,PE,PE,0.003262441838160157,0.8592669367790222,0.00802645180374384,0.02948041260242462,0.042298462241888046,0.005326181650161743,0.013395222835242748,0.008362434804439545,0.004323169123381376,0.008277062326669693,0.009779904037714005,0.00820132065564394
disputes system shall generate user report details new users added changes existing user92s access level report reviewed auditing purposes,SE,F,0.8156560659408569,0.0019781843293458223,0.004684923682361841,0.003276087110862136,0.002009129151701927,0.14534087479114532,0.005484428256750107,0.0018240805948153138,0.0019663290586322546,0.008570106700062752,0.004281842149794102,0.004927916452288628
system shall easy learn callers supervisors callers supervisors shall learn use system within 10 minutes,US,US,0.009065852500498295,0.014338669367134571,0.017646534368395805,0.9150291085243225,0.0058586993254721165,0.0054899887181818485,0.009062149561941624,0.004017118830233812,0.004488804377615452,0.0031622196547687054,0.008421543054282665,0.0034193359315395355
customer stream movie purchased within 2 day viewing period,SE,US,0.2044701725244522,0.06440985202789307,0.04271971061825752,0.43825310468673706,0.04443562030792236,0.03408363088965416,0.035586435347795486,0.035677384585142136,0.012492249719798565,0.03388141095638275,0.03990735486149788,0.014082982204854488
realtor shall able retrieve map showing property locations specified area,F,F,0.9666367173194885,0.001230884692631662,0.006880599074065685,0.010157216340303421,0.0010231937048956752,0.003384242532774806,0.002423082012683153,0.001068497309461236,0.0010323688620701432,0.0023571031633764505,0.001661508227698505,0.0021446291357278824
system notify affected parties changes occur affecting specific students including limited changing student92s status full time part time moving student different clinical section,F,F,0.9669487476348877,0.000794740451965481,0.003536915872246027,0.0026033038739115,0.0012678406201303005,0.008989308029413223,0.0023349332623183727,0.0015756533248350024,0.0012720116646960378,0.004613989032804966,0.0034979369957000017,0.002564668422564864
product shall capable handling 1 000 concurrent requests number increase 2 000 release 2 concurrency capacity must able handle peak scheduling times early morning late afternoon hours,SC,SC,0.004543948918581009,0.17294324934482574,0.011781541630625725,0.011624723672866821,0.16728566586971283,0.009550056420266628,0.0367068275809288,0.37844401597976685,0.03324030712246895,0.09042135626077652,0.05833545699715614,0.0251228716224432
website shall make user aware information practices collection data via privacy policy accessible pages website,SE,SE,0.009824434295296669,0.007028546184301376,0.003892136737704277,0.0036318290513008833,0.0038477976340800524,0.9337428212165833,0.00768179539591074,0.003031031461432576,0.005504518747329712,0.0070954496040940285,0.0032963391859084368,0.0114233223721385
available recycled parts information suppliers shall returned user,F,F,0.975781261920929,0.0007201023981906474,0.0027807014994323254,0.002622726373374462,0.0009964241180568933,0.005308466963469982,0.001975390827283263,0.0011757730972021818,0.0010324605973437428,0.00360745657235384,0.002002403140068054,0.0019967290572822094
meeting scheduler system shall reschedule meeting support conflict resolutions,F,F,0.9667688608169556,0.0011005502892658114,0.0037042880430817604,0.0017038692021742463,0.0015494285617023706,0.0057007246650755405,0.0026984757278114557,0.0020041039679199457,0.0013184185372665524,0.006250664126127958,0.003526227315887809,0.0036743972450494766
visit site without registration,F,SE,0.030047332867980003,0.006055172067135572,0.004614833742380142,0.004934239201247692,0.0038424485828727484,0.9120491147041321,0.007468474097549915,0.002848365344107151,0.005324074067175388,0.00792592391371727,0.0032894271425902843,0.011600651778280735
product shall able installed specified environment within 1 working day,O,PE,0.00504728639498353,0.21810340881347656,0.018912510946393013,0.1858188509941101,0.1666860580444336,0.009475823491811752,0.05032528191804886,0.13398292660713196,0.033410489559173584,0.06402041018009186,0.09776224195957184,0.016454635187983513
search recycled parts shall take longer 15 seconds search results shall returned 15 seconds,PE,PE,0.003335593268275261,0.8862629532814026,0.006224628537893295,0.027829058468341827,0.025706743821501732,0.0056220837868750095,0.012382777407765388,0.0064013744704425335,0.0036670048721134663,0.007055540569126606,0.008795378729701042,0.006716882809996605
shall able stream purchased movie via windows media player 2 days aftere purchase date,F,O,0.03001238964498043,0.12547676265239716,0.044277649372816086,0.18186070024967194,0.12184193730354309,0.013225112110376358,0.05504691228270531,0.08687607198953629,0.019383475184440613,0.23103003203868866,0.07815826684236526,0.012810738757252693
product shall conservative professional appearance,LF,LF,0.0841386541724205,0.010333782061934471,0.6840000748634338,0.0805983617901802,0.014582673087716103,0.012750606052577496,0.012528582476079464,0.010389598086476326,0.01623391918838024,0.027549486607313156,0.016915978863835335,0.029978232458233833
product shall able support 1000 simultaneous users,SC,SC,0.006373477168381214,0.0854068249464035,0.015035899356007576,0.017651855945587158,0.11100546270608902,0.009899930097162724,0.037605129182338715,0.531200110912323,0.036006439477205276,0.0797872543334961,0.0469377301633358,0.023089930415153503
abs shall handle expected unexpected errors ways prevent loss information long downtime period,FT,PE,0.011525532230734825,0.2739162743091583,0.02922184392809868,0.04066511243581772,0.05207853764295578,0.04721207916736603,0.21943189203739166,0.04610845819115639,0.026746900752186775,0.1315864473581314,0.09755638986825943,0.02395048178732395
product shall easy learn adjusters collision estimators product shall learned two days onsite training,US,US,0.006853490602225065,0.01007754448801279,0.016065826639533043,0.9201291799545288,0.005626581143587828,0.004815275315195322,0.00918964110314846,0.004133651033043861,0.004996347241103649,0.00359871843829751,0.011181307025253773,0.0033324710093438625
system shall allow user select payment method order,F,F,0.9812151193618774,0.0007267905166372657,0.002545309951528907,0.0026551131159067154,0.0006968278321437538,0.003988420590758324,0.0016161733074113727,0.000846752489451319,0.0007448710966855288,0.0020314869470894337,0.0011433502659201622,0.0017898649675771594
product notify employees meeting invitations,F,F,0.9765574336051941,0.0006823469302617013,0.0026392145082354546,0.0016437787562608719,0.000881200423464179,0.0071016354486346245,0.0016494814772158861,0.001131455646827817,0.0008539417176507413,0.0034405679907649755,0.0013842103071510792,0.0020348476245999336
system shall display products configured,F,F,0.9817075133323669,0.0006259957444854081,0.0032202519942075014,0.0025087359827011824,0.0007459566695615649,0.0025935606099665165,0.0016885887598618865,0.0008750647539272904,0.0007944352691993117,0.002247848315164447,0.0012847986072301865,0.001707306713797152
page shall contain navigation menu shows index current page contained,LF,F,0.6908458471298218,0.006081408821046352,0.1296015977859497,0.11542923003435135,0.0053478749468922615,0.006924109533429146,0.010080969892442226,0.004285319242626429,0.005348412785679102,0.009374218992888927,0.008180718868970871,0.008500328287482262
product shall ability receive automatic software updates new threats emerge 100 customers able receive automatic software updates transmitted installed product,SE,O,0.019837887957692146,0.12960387766361237,0.020282568410038948,0.09900333732366562,0.1105431392788887,0.07041408121585846,0.11520623415708542,0.06550506502389908,0.03145372495055199,0.1746656745672226,0.14385120570659637,0.019633306190371513
system easy enough maintain someone else could manual hours training,MN,US,0.010837381705641747,0.03377857431769371,0.025835029780864716,0.810882031917572,0.018197908997535706,0.005484373774379492,0.016939373686909676,0.01595703698694706,0.00908946618437767,0.009363082237541676,0.03699538856744766,0.0066403974778950214
website available whenever users want use,A,F,0.6697307229042053,0.014091012068092823,0.04554324969649315,0.124894879758358,0.015885906293988228,0.03334939852356911,0.022940684109926224,0.01369454339146614,0.006479148752987385,0.023262424394488335,0.019470112398266792,0.010657873004674911
user shall either trusted trusted,SE,SE,0.020665079355239868,0.010155302472412586,0.0052770948968827724,0.006922633852809668,0.004469871986657381,0.9031753540039062,0.010675428435206413,0.004256727173924446,0.006163697689771652,0.008359947241842747,0.004282073117792606,0.015596743673086166
system shall intuitive self explanatory,US,US,0.12406633794307709,0.013214864768087864,0.1978246569633484,0.5689249038696289,0.009562106803059578,0.007487214636057615,0.022176839411258698,0.00916537269949913,0.011852302588522434,0.008841412141919136,0.01586875319480896,0.011015210300683975
product shall consistent color scheme fonts,LF,LF,0.0670652836561203,0.008790508843958378,0.7634462118148804,0.04573311284184456,0.010135013610124588,0.007402912713587284,0.014962422661483288,0.009044264443218708,0.01478294376283884,0.026744376868009567,0.013864592649042606,0.018028326332569122
